vertices_count,dijkstra_ms,spectral_ms,ratio
10,0.0861,0.1365,1.58537
50,0.146,1.6986,11.6342
100,0.5623,5.5831,9.92904
200,0.6733,16.0945,23.9039
500,1.2794,570.618,446.004
1000,2.2864,47.8946,20.9476
