Dijkstra sum, dijkstra time, spectral sum, spectral time
54769,0.025433,54769,0.0136629
54834,0.0272523,54834,0.0127048
54892,0.017358,54892,0.0182352
54949,0.0173335,54949,0.0121988
55001,0.0173237,55001,0.0128928
55047,0.0180315,55047,0.0189926
55096,0.0182965,55096,0.0122309
55163,0.0220302,55163,0.0124467
55211,0.0264536,55211,0.0160601
55276,0.0168034,55276,0.0149279
